Datetime,GC=F,CL=F,DX-Y.NYB,^VIX,SPY,QQQ,NVDA,TLT,BTC-USD,SOL-USD
2024-08-27 13:31:00+00:00,0.000629219481702803,0.0,6.938702128245211e-05,-0.0018038954185667366,0.0,7.096511590809484e-05,0.0004419263876729307,5.022890139683156e-05,0.0,0.0013053024032632088
2024-08-27 13:32:00+00:00,0.0,0.001563757491824136,0.00013884007628250927,0.002409578750574015,-0.00017003472942977993,-0.000155454780640496,-0.0012054844982588575,-0.00020403488370634992,-0.0005526964966433567,0.00023780511192472709
2024-08-27 13:33:00+00:00,-0.00019652543416237567,-0.0006505731376624801,-7.928294327330665e-05,0.0,0.00044720844563572726,0.001119487120580187,0.006824950845140787,-0.00035901191907050656,-0.0008800605436602993,-0.0006113815689596791
2024-08-27 13:34:00+00:00,-3.9255225671941396e-05,0.00039055826390299586,3.964461477834469e-05,-0.00240378663737173,-0.00032175449924409794,-0.0008017657390149147,-0.0001585399468948534,0.00020524571089697297,0.0013209091552430774,-9.071062229260018e-05
2024-08-27 13:35:00+00:00,0.001297296965250272,-0.0009109799344134695,-0.0001983665250512301,0.004819272401665575,-0.00025026128456839825,-0.0004434128574520857,-0.0006343813390491393,0.0005641924894232986,0.0,0.0
2024-08-27 13:36:00+00:00,-0.0001177135729693024,-0.0003907617638222449,5.955203251017949e-05,-0.004796158407816775,6.255369055319093e-05,2.1145754332208e-05,-0.0010465522013313189,-0.0007176511602131619,0.0,0.0
2024-08-27 13:37:00+00:00,0.00019634021080117137,0.00039091451826900325,9.919703368344024e-05,0.001204846825545669,-0.000259368712273611,-0.001077379188737071,-0.005068381979183245,-0.0004616617254720179,0.0,-0.0015216562231754605
2024-08-27 13:38:00+00:00,-0.00039260333778012857,-0.0006512364797374159,2.973346108392505e-05,0.005415056600166057,-0.0005223660912777595,-0.00059212633956085,0.0005859394390781425,0.0,-0.002549396511901225,-0.00022862091430031484
2024-08-27 13:39:00+00:00,0.00035344342690146746,-0.0003910164079713452,-6.945166848559836e-05,0.0011969155511359908,-0.00012170149616363979,-0.00031738694777017074,-0.0015430645521323783,0.0005645399379310412,-0.0010150412713222368,-0.0008838416071467181
2024-08-27 13:40:00+00:00,0.00019630938358861094,-0.0014343539816106254,-7.929237907178255e-05,0.001195484656958845,-0.0005370158526205593,-0.0008466554364942036,-0.005513844052833838,0.00046161435572122933,0.0,0.0
2024-08-27 13:41:00+00:00,-7.848917443575854e-05,-0.00039173124287794625,-9.912333356454361e-06,-0.0035820576682019656,0.0010209330074888445,0.00124988629609879,0.004138203312794131,0.0,0.0,-0.0009463803934212089
2024-08-27 13:42:00+00:00,-0.0002747815955945754,-0.0009144309867223921,9.912431611747152e-06,0.0005991748688940479,-0.00030425296723091133,-0.00048666183685297515,-0.0007601615979865306,0.00017945994135715182,0.0011577378060614318,0.0
2024-08-27 13:43:00+00:00,-0.0003926804216022317,-0.0002615621284374203,0.00018841000043967604,-0.0005988160733518821,0.0003222610974704665,0.00023288710957247716,0.00084646135589872,-0.00046241360346988003,0.0,0.0009093581535082329
2024-08-27 13:44:00+00:00,-3.932183077071105e-05,0.00013081528054192937,-3.964186450211571e-05,-0.0035950492133643985,1.7800554722002815e-05,2.1119654273205057e-05,-0.0006057085682245056,2.6684030327794872e-05,-0.0017414635403288914,-0.0002926165523495783
2024-08-27 13:45:00+00:00,0.0007071494119523791,0.0009153876514556014,0.0,0.006013252346136477,-0.0004830089085275935,-0.001248616675713965,-0.0054043478263525735,0.00020509377503996618,9.765992991095374e-05,-0.0002356617862571131
2024-08-27 13:46:00+00:00,7.849533546977483e-05,0.0,-8.927338650643879e-05,-0.0035863399631845816,0.0001789624504437981,0.0004661734242736859,0.0026162574492156754,0.0004101816745722964,-0.00042771500277405394,-0.0010341752627488487
2024-08-27 13:47:00+00:00,-0.00031405253312066783,0.0005226145159247242,1.9823487730885603e-05,0.0005998937514137825,0.0002147602091935319,0.00018362901741797444,0.0031312676041153065,-0.00030749057039347605,-0.0005706354024892502,0.0
2024-08-27 13:48:00+00:00,0.0001571235292916473,0.0001305106633189279,-0.0002082181557303553,-0.005395692502473404,0.00048316132542591816,0.0015951659569715115,0.0027132774178231234,0.0,0.0,0.0
2024-08-27 13:49:00+00:00,-0.00011780017141893584,0.0002611864919366269,-5.9557345891581015e-05,-0.003013817757726023,0.0002325127996658516,0.00010574919465433652,0.0011917370220240198,-0.00010255445868612156,0.0,0.001103228056161587
2024-08-27 13:50:00+00:00,0.0002748355420352233,-0.00026111829136621356,-0.0001190461054290104,-0.003627652356094413,0.0005274521778875219,0.000845581534878459,0.0014486496402890126,0.00010154793316696775,0.0026395719808720575,2.7044457337144223e-05
2024-08-27 13:51:00+00:00,0.00015697834887151707,-0.0001304936325083883,-0.00014880642637882247,-0.001820314328285777,-0.00013405689880907623,-0.00016901210170483516,0.0008749417059839004,-0.0003065685219759695,0.0,0.0006315795707352301
2024-08-27 13:52:00+00:00,-3.919051746625879e-05,-0.00013061028977945366,4.9659991813610915e-05,-0.0012158332423140017,0.0005898639832782049,0.0013098395596431445,0.005330081715054336,0.0,8.175419422840058e-05,0.0
2024-08-27 13:53:00+00:00,0.0002354397928130414,-0.00039178241369253186,-0.00014882118256820398,-0.007303763664301077,0.00041081879522164577,0.0008860772615331136,0.003164819430418131,-0.00015383989383010999,0.0,0.0012254714598014527
2024-08-27 13:54:00+00:00,-0.00015692291597646513,0.0002612574186988681,-7.94184419918853e-05,0.0,1.787330550984123e-05,-0.0001686057615823966,0.0015773873870024158,-0.00015386356418445324,0.0012574321903142671,0.0
2024-08-27 13:55:00+00:00,0.0003924646781789942,0.001175600446124303,-0.00019844830236226407,-0.0012261527326716815,0.00014287490686148985,0.000643010353920781,0.0029136369226414605,-0.00035912241377855647,0.0,0.0002037325417318936
2024-08-27 13:56:00+00:00,-0.00015688597244012392,-0.0007828465335127932,0.0001091265791830498,0.0036832082609150607,-0.00044632495638630143,-0.0007058023809916047,-0.003376258661393461,0.0,-0.00031055095621523865,0.0
2024-08-27 13:57:00+00:00,0.0,-0.0005221737569535145,-9.919515624756681e-05,0.0024464224614968444,-0.00032148437917323136,-0.0005798011586372054,-0.00126056615240433,0.0002463393626184196,0.0,-0.00021334371356551696
2024-08-27 13:58:00+00:00,0.0,0.00013056180845838483,9.920499690174722e-06,0.0,0.0003215877646161047,0.0003691608652913736,0.0025242541870944546,1.025508867669167e-05,-0.0017388114003096256,-0.0018608014509680082
2024-08-27 13:59:00+00:00,-0.00031391697303184696,0.0,-9.920401274898794e-06,0.0,-9.822225352151825e-05,-8.437239232350624e-05,-0.0019694512046507517,5.127491755496649e-05,0.00010119901064631343,0.0
2024-08-27 14:00:00+00:00,-0.0008634708884972531,-0.0006530227789651732,0.00023816772157170263,0.0012202842287050153,0.0,0.00046148062421780267,9.064589137430801e-05,-0.00025643972116640157,0.0,0.0
2024-08-27 14:01:00+00:00,0.0,0.0,3.974826101349471e-05,0.0006093984750044079,8.940084318176389e-06,-0.00012396973079908946,0.000857719900112075,-0.00010264917877522706,0.0,-0.00225305497850925
2024-08-27 14:02:00+00:00,-0.00027506100158647406,-0.00013072978631811782,-0.0001190886275281855,-0.004263075182641463,0.0004644441306962399,0.0003056840766970659,-0.0007088558486105789,0.0003591915488578845,-0.0008647154443799376,-3.472239396562493e-05
2024-08-27 14:03:00+00:00,0.00031437339731454905,0.0001307468788296351,0.0001686974339589753,0.0036696920209484674,-0.0006428366324252588,-0.0010856154918192917,-0.004019879602660481,0.00020524571089697297,0.0007219942335898732,0.0
2024-08-27 14:04:00+00:00,0.000785638542782463,0.0005228194276627463,-0.0004365861792122727,-0.0012187969500088158,0.0004555855353665095,0.0008652894711373982,0.00110794071677911,0.0006667942862930154,-0.0009537452082946096,0.0
2024-08-27 14:05:00+00:00,0.0,0.0,-5.9605236111703874e-05,-0.0018303099703482761,8.043777331678825e-05,0.0001264837310461786,-0.0009486383129014841,-0.00010253342816568534,0.0,-0.0006291797543804822
2024-08-27 14:06:00+00:00,0.0,0.0,0.00017875062553240895,0.0006112609112929324,-1.7873623022635066e-05,-0.00033939154095530277,-0.0010745022647010716,-0.0004613304133991303,-0.00042322378835468744,0.0
2024-08-27 14:07:00+00:00,0.0,0.0,-1.984080254990861e-05,0.0006107709847662512,-1.7873942494750494e-05,0.00023403830750856613,0.0006511118578020891,-0.00025643904994687716,0.0,-0.001215398198324169
2024-08-27 14:08:00+00:00,-0.00047099391406868474,0.0,0.00026800760841716453,0.0,-7.149704791309386e-05,5.275405775195807e-05,-0.00047814167222393067,0.00030675691795956084,-0.001788985980957003,0.0
2024-08-27 14:09:00+00:00,0.00019634792852940564,0.0003918847563806338,0.00011901528029012454,-0.0018314274013351284,0.0002499305687866382,0.00033664319706683266,0.001672695189111506,0.00010047335941831825,0.0,0.0003139816691395403
2024-08-27 14:10:00+00:00,0.00047112334977428283,-0.0006529518224369646,-7.933407822580119e-05,-0.001223269559451512,0.00032058962337910835,0.0010858603998320504,0.0036591501071927546,0.0003107788868466077,-0.0011660515722593523,0.00041930345492380283
2024-08-27 14:11:00+00:00,0.0002354986530683778,-0.0005226828193568567,-9.925117223885671e-05,-0.0006123838902973855,-0.00023116014833901577,-9.468890326991275e-05,0.001654317633793978,0.00010254394234765485,0.0005545935640807187,5.38765302444677e-05
2024-08-27 14:12:00+00:00,0.0006669613697851684,0.0005229561595567755,-8.926677903120517e-05,-0.0006127591341198446,0.00030356318456314924,0.0005367711701136368,0.0004325623634742204,-0.00010253342816568534,-0.0003899715834659867,0.0
2024-08-27 14:13:00+00:00,0.00027443684449135475,-0.0006532787555303399,0.00011903299773408094,0.0,-0.0006745858889005696,-0.0008836722702139088,-0.003262457525675888,-0.0005638743557467851,0.0,0.0005769627851079928
2024-08-27 14:14:00+00:00,-0.00019598620632232944,0.0005229247434281881,1.991218348518231e-05,0.004291826923133124,-3.5970227115766917e-06,7.474348300129385e-05,0.0007098062721095921,-0.0002564653610542811,-0.0027136658222386423,-0.0004347984877761668
2024-08-27 14:15:00+00:00,0.00023526783539340457,0.0,3.96721535627087e-05,-0.0036629712464267827,-1.7876177170750296e-05,0.00019902258511117488,-0.0002356525679004795,0.0,0.0012625706646303136,-0.0005593546696757157
2024-08-27 14:16:00+00:00,0.0002351168048229102,-0.00013061300672234655,-0.00018858666821719439,0.0006127591341198446,-0.00024340376346032588,-0.00039501045511980415,-0.0011816681037303267,0.0004104341873907291,7.31916519620679e-05,0.0
2024-08-27 14:17:00+00:00,0.0001175786040232829,0.0009149090690074857,-2.975854687425894e-05,0.002449535561189764,1.1230045408705536e-05,-0.00015265461228719523,-0.0015406896275145243,0.0001025860126202538,0.0,0.00047060040388413604
2024-08-27 14:18:00+00:00,-0.00011756478092062039,-0.0005223415326573999,2.9759432471632152e-05,-0.006108758481554788,0.0003215245825658464,0.00035832704086025124,0.0013833686854856087,-0.00028206303643318886,-8.851756237648889e-05,0.0
2024-08-27 14:19:00+00:00,0.0004310896580386192,-0.0006532930645375412,0.0,0.0006146422003980856,0.00020926713341951064,0.0,-0.0008880885024217244,0.00028214261843695354,0.0,0.0020746191489426913
2024-08-27 14:20:00+00:00,-0.00043090389982369803,0.0003921921837455322,5.95928152418157e-05,-0.001842793942270382,-3.062070901438396e-05,-0.00029483594962753656,-0.0005727734877366553,0.00020507273744563292,0.00022311176681744094,0.0
2024-08-27 14:21:00+00:00,0.00031351105401511425,-0.0005226514360601175,-0.0001389406603747867,-0.003076876126802852,0.00021424255286461857,0.00036858934801209386,0.0016996429362616805,0.00010255445868612156,0.0,-0.000576133126874101
2024-08-27 14:22:00+00:00,-0.0003134127956392341,-0.0019613169363872363,-0.0001290396647029013,-0.0006172980500540604,0.0002587574131274195,0.000147021572973971,-0.00046404975201008725,0.0004613304133991303,2.8955163339672296e-05,0.0005136770087958986
2024-08-27 14:23:00+00:00,7.844951610991302e-05,-0.001703195070009933,-0.00013897790122618936,0.0,0.00012493388416068285,0.0003056931003178054,0.0016486323905182676,5.019287118934734e-05,-0.0010450051140024064,0.0
2024-08-27 14:24:00+00:00,0.00031339079851711027,-0.000262423147864288,0.0,-0.00617667561278723,0.0006782833767315921,0.001283801264378548,0.0013400454684486807,-0.00010241333506055827,0.0,0.0
2024-08-27 14:25:00+00:00,-3.911376060350413e-05,-0.0006563803039839611,0.00014892018097967252,-0.00186455477694214,0.0003240014318317552,0.0009038206532447912,0.0030110973667627494,-0.00010148559111800015,0.0,0.002079743805290857
2024-08-27 14:26:00+00:00,-0.0005875900859092509,0.0005254290945813089,-0.00015881949176399512,0.0012453585572083092,-0.0002616631023908411,-0.000125997646933107,-0.0019817114885554155,-0.0004099714630773077,0.0025519721282940555,0.00020000792930852107
2024-08-27 14:27:00+00:00,-7.83722682743404e-05,-0.00013121316891417933,-4.969105194441159e-05,0.003109405304588142,-0.00019621706984029874,-0.00031503381085151716,-0.0018009114474273336,0.0,-8.774028824287683e-05,0.00031553125701933027
2024-08-27 14:28:00+00:00,0.0,0.0013130051117742347,2.9846413688305873e-05,-0.001859812824407392,0.00030325459888969064,0.00018907985305749442,0.0007011438291528727,0.0,8.516531141267158e-05,0.0
2024-08-27 14:29:00+00:00,0.0002743722884563926,-0.00013115835235100182,-1.9846515232235795e-05,-0.0006211322139685338,0.00031197679684824564,0.0004621291892437096,0.00142971565758776,0.0002563470336494067,0.0,0.0018001294452956174
2024-08-27 14:30:00+00:00,7.835691200286377e-05,0.0007868532274590834,8.931109105891899e-05,-0.004350509270378056,0.0002761988296522411,0.000692841549322587,-0.0007963380326293512,-0.0002552646575992856,0.00011028976415250469,0.0
2024-08-27 14:31:00+00:00,-0.0002351479844240334,-0.0003931172881225242,-8.930311530019885e-05,0.000624233994761747,-0.0001692188700355146,-0.0002727059214643335,-0.00015973068721830685,-5.225500284933293e-05,0.0,0.0008456091298234547
2024-08-27 14:32:00+00:00,0.00031357249304209134,0.00013112396946168836,-5.961647893404365e-05,-0.0012476891395478695,0.00018730347818851634,0.0002937880448952157,0.0012590181807483614,-5.1318971896363585e-05,0.0010214061357802784,0.0
2024-08-27 14:33:00+00:00,-0.00035259868386749993,-0.000655433885931922,0.00010924026426439859,-0.0006246239062380754,0.00017802460763349792,0.000608469111436527,0.0029079122350990083,-0.00020505172020868212,0.0,0.0006383408368448862
2024-08-27 14:34:00+00:00,-0.0006271695314649106,0.0005246709948605321,0.00032760924859465135,0.0018750429153442383,-0.000516690505975026,-0.0008806974576107685,-0.002546798422441432,-0.0006472074068509803,0.0008016066610927464,0.0017368536107897903
2024-08-27 14:35:00+00:00,0.0003922030117859965,-0.0009176677496646191,6.951370995134099e-05,0.0018714147231364553,0.00021322325791439667,8.396513198993816e-05,0.0011250037462162688,0.0005039444458407871,-0.0010150203651584366,0.0
2024-08-27 14:36:00+00:00,0.0003920492488898031,-0.0005248775227382207,-9.92659468737056e-05,-0.0018679190718836614,0.0001094167705455451,0.00014377261256615093,0.00044574782025130766,0.0009642591752732077,0.0,0.0
2024-08-27 14:37:00+00:00,-0.00043102776057968306,-0.0007876796643827566,-0.00016871585501188058,0.0012475701533625205,-0.0002156557833541406,-0.0005424154680935267,3.919875588542787e-05,0.00030742753365409214,0.0,-0.0028223239389583155
2024-08-27 14:38:00+00:00,-0.0002352770459004283,-0.00026283369203150553,1.9843363156191174e-05,-0.0018690829110823426,0.00010692655657540406,0.0003148883101093958,0.0017648323624690487,-0.00011067741613257631,-0.002097864164475216,-0.00016779650631149057
2024-08-27 14:39:00+00:00,0.0003137446384804399,0.00013145139587145138,-1.984296940493735e-05,-0.001248467989523605,0.00016042706882135604,0.00023088810131466353,0.0009004854281935426,5.94878789341724e-05,0.0012490551052943832,0.00012227787849550253
2024-08-27 14:40:00+00:00,0.00015677526113178075,-0.0006569700836496217,-4.968414591777215e-05,0.0006250143051147461,-4.458613410374124e-05,4.213295457211608e-05,-0.0007033152144914068,0.0002048731353789801,0.001049038652060963,0.0
2024-08-27 14:41:00+00:00,-0.00019598620632232944,-0.0003945615711676842,0.0,-0.0012492478124760398,-8.917624423121495e-06,-6.294065259915271e-05,0.0007038102149237169,0.0002560975762244677,0.0,0.0010788252607996096
2024-08-27 14:42:00+00:00,3.9243210948392004e-05,0.0001315724371500071,2.9842265448998262e-05,0.0,0.00024947820556664446,0.0003984784692279142,0.0016037067051413167,-0.00021813895748490353,-5.1465800094963043e-05,0.0
2024-08-27 14:43:00+00:00,-0.00011762930154513018,0.0009206852025267498,9.92187846149406e-06,-0.0018761559349974588,5.349287837996819e-05,0.00023074766018349457,0.0014448982957970813,1.3284997822493594e-05,0.0,-7.231580153321815e-05
2024-08-27 14:44:00+00:00,0.0004704768366496914,-0.0007884042023227344,-0.00021843063797200024,0.000626580755509698,-3.566001136334762e-05,-0.00014679972754383375,-7.794811059724793e-05,5.126378114606034e-05,0.00016063441344082996,0.0
2024-08-27 14:45:00+00:00,-0.00011758781748116842,0.0006574884503067757,0.00023832625576569733,0.000626128681297855,0.0,-4.1985510134789905e-05,-0.001754980826245367,5.01671652777258e-05,0.0,-0.0002446730548933962
2024-08-27 14:46:00+00:00,-7.836920103798661e-05,0.0009200595030636194,0.00015882106750475522,-0.0006257368894843074,-0.00023158089294550432,-0.00027259724950079445,-6.01481349010724e-05,-0.00025809008492594376,8.348124990376071e-05,0.0
2024-08-27 14:47:00+00:00,0.00035283258921414706,0.0009191135958288577,-5.9520045798677756e-05,0.0018785054771182086,-4.458692928732688e-05,-0.0002937349623288732,-0.0006821769163802838,-4.814548439902033e-05,-0.0001733648224909734,-0.0016113059145954622
2024-08-27 14:48:00+00:00,0.00019591708039157218,0.0005246397005329584,2.97617943225692e-05,-0.0012500286102294922,8.917783474116092e-06,-0.0001259051030311209,0.0006255518917546166,0.0002048626466690795,-0.00037365464822858296,0.0
2024-08-27 14:49:00+00:00,3.911835454228907e-05,-0.0002621822990236389,-0.00011911936184128002,-0.003128863485158173,7.134163158317719e-05,0.0002730422381547193,-7.816000730687112e-05,0.0003073482488533674,0.0,-0.0032975118434189765
2024-08-27 14:50:00+00:00,-0.0003917420845097608,-0.0002622510566085978,0.00016874097646657482,0.0018832223726601427,-5.350240673829276e-05,-1.9209550061738412e-07,-0.0008596484146498051,-0.00040959363124482007,-0.0009455315781301543,4.780499040646369e-05
2024-08-27 14:51:00+00:00,-3.913215406814441e-05,-0.0007871597185601376,-0.0002083917510488087,-0.003132844023518433,0.00028525268624735034,0.0006294330447482732,0.00238561054998776,0.0001023817512266767,-0.0010775263311677552,0.0
2024-08-27 14:52:00+00:00,0.00031345220915879324,-0.00013121316891417933,-0.0002085109267526697,0.0012570998086416374,-0.0002851713403564382,-0.0003774222648036396,-0.001052654639979278,-0.00010237127027667992,0.0,0.0
2024-08-27 14:53:00+00:00,-7.83384969147427e-05,0.0002625609520072736,-8.931552941759957e-05,0.0018832223726601427,-7.123160865118994e-05,-0.00023077670091231628,-0.0007811154450129143,-0.00018444346022494784,0.0,-0.0009667208233127278
2024-08-27 14:54:00+00:00,-3.9124487710706646e-05,0.0007875762451221568,1.9849668309701585e-05,-0.003132844023518433,0.00016030972622171902,0.00030427296050672403,0.0010155222156145172,8.098248956911469e-05,-0.00021347995022791277,0.0
2024-08-27 14:55:00+00:00,0.00011747371812553808,0.0006558637612656959,0.00011917140643857849,-0.0006285499043208187,0.00032067680312741764,0.0003041163956054582,-3.908537831487369e-05,0.00020587896208557055,0.0,-0.0009617245873076996
2024-08-27 14:56:00+00:00,-0.0007051421236332622,0.0,-0.0001390041154308852,0.0,-0.00026709064906615954,-0.0004820484775798217,-0.0014838128371170711,0.0,-0.00011158838080460587,0.0
2024-08-27 14:57:00+00:00,-0.00015688327023222204,-0.000262213556440849,0.00014894827441613856,0.0006289452277836727,-3.5447624666673505e-05,8.367731517577859e-05,0.0022290565502487425,5.126378114606034e-05,0.0,3.859309753551088e-06
2024-08-27 14:58:00+00:00,-3.9155171177474024e-05,0.0,0.00010915691696933294,-0.0012570398668236837,0.0003028378351781491,0.0005873566409677622,0.0010925502599912207,0.00020481018721651978,-0.0012648935697732178,-0.0014631675330784022
2024-08-27 14:59:00+00:00,-3.92524420284035e-05,-0.00039332346423537334,3.976483455558899e-05,-0.0037759860491074493,0.0002848096656138388,0.000545105287214076,0.0014811540630987885,0.00025601890524229454,-0.00014338877320230203,0.0
2024-08-27 15:00:00+00:00,-0.00023533241421569429,-0.000655763690505573,5.9531270769186406e-05,-0.0012633925575328275,0.00040970485383962085,0.0007752647819538883,0.0003113044738289883,-0.00025595337633899096,0.0,0.0
2024-08-27 15:01:00+00:00,-7.843068154633759e-05,0.001312488133833556,-1.984257566933767e-05,0.0,-0.00026712245136506496,-0.0005652799640551986,-0.0010108013138399041,-0.0002047682485931679,0.0,-0.0012519464730200713
2024-08-27 15:02:00+00:00,0.0004315462409074655,0.001048654215422884,-2.9764454107406024e-05,-0.0012650510583703811,5.335183732979587e-05,2.0905515699665145e-05,0.00011612264928895222,-5.1261153305670604e-05,-0.000513999278278332,-0.0002541165189231531
2024-08-27 15:03:00+00:00,0.00019605536228173293,-0.0013094945648682854,-0.00010921531898600012,-0.0006333267198224135,0.0001868844493448929,2.096900857240236e-05,0.0006643298260917696,0.00010244941628445581,-0.00018684405474356236,-0.00031303679135108453
2024-08-27 15:04:00+00:00,0.0003920338642220411,0.0003934234956353144,-7.945865703207211e-05,-0.0006336676411107245,4.4539713563995775e-05,0.00012568355616693339,0.00046460338583287353,0.0003584971561674255,-0.0008321677632002755,0.0
2024-08-27 15:05:00+00:00,-0.00031352332189682475,-0.00039326877445933217,0.0001688535946915426,0.0006340694303910155,-5.333664723006226e-05,4.193186761858314e-05,0.0012447772714068162,-0.0002559664714385512,0.0,-0.0013639334418747984
2024-08-27 15:06:00+00:00,0.00011762008158555659,-0.0002621822990236389,-8.937353243732016e-05,0.0006337280767465536,-0.00016045301415390512,-0.00029325509447630793,-0.0009323630150182005,0.00020477872763891014,0.0010123659872616209,0.0
2024-08-27 15:07:00+00:00,3.9138287819540096e-05,0.00013117555712094386,-6.95357932845031e-05,0.0006333267198224135,0.00026728351936333716,0.0005027974180356054,0.00108881153876772,-5.116467197352481e-05,0.0,0.0010538244831463928
2024-08-27 15:08:00+00:00,-0.00023510760311384882,0.00013105830784110317,5.961707505752756e-05,-0.002531643124693339,8.896207652031585e-05,0.00023056732214321585,6.164209320536074e-06,-5.116728993115327e-05,0.00117005964579886,0.00017498905821833333
2024-08-27 15:09:00+00:00,0.00019601693211113158,0.0001311411652118455,-9.922962211805775e-06,0.0,-0.00012457927341935626,-8.395111515069331e-05,0.0004607718064080224,0.00020475775462380774,-2.2223524206443912e-05,-0.00035339222276953297
2024-08-27 15:10:00+00:00,-0.0001176062487290297,-0.0007865437802030417,9.923060677818896e-06,0.0,7.1150471624426e-05,0.00012561776979014283,0.0006212281834034883,0.000255953376339102,0.0006141279093259122,0.001100978961408483
2024-08-27 15:11:00+00:00,0.0001960015680124716,0.0007871629183004991,1.984592442361155e-05,0.0006345322802412401,-3.5518395324563024e-05,0.0,0.0003095331472819929,-0.00015351711137956414,0.00027611538215710496,0.0
2024-08-27 15:12:00+00:00,-0.00011759703238289898,-0.00013112396946157734,9.930339915298347e-05,0.0,-0.0002580877824328587,-0.0004814530067749345,-0.00038780291183637683,0.0003070813650032367,0.0,0.0
2024-08-27 15:13:00+00:00,0.0,-0.0001310411338119044,4.960890009408914e-05,-0.0006341299043470805,4.454684665899933e-05,8.373238312198161e-05,-0.0013194677507255559,0.0,0.0,0.0021194647451086013
2024-08-27 15:14:00+00:00,7.837534325094708e-05,0.00013105830784110317,-2.9763863503950994e-05,0.0012690040481537768,-0.00012461696850696313,-0.0002093773439908464,-0.0010101774279002163,0.0,6.938827235902778e-06,0.00011505122502319942
2024-08-27 15:15:00+00:00,-3.9136756073920864e-05,0.0,0.00019850740006210899,-0.0006336676411107245,8.899216858049286e-05,0.0001885174283691171,0.0007390215359612817,0.0,-0.00017428951475417787,-0.00017414098450141413
2024-08-27 15:16:00+00:00,-0.00015684022918383,-0.0024910819506243076,2.9834564311936873e-05,-0.0006341299043470805,-0.0001780771492357891,-0.00023040937130203165,-0.000506115673110763,-0.0002047101126795292,-0.00015375229413938651,0.0
2024-08-27 15:17:00+00:00,-0.0004311629455214794,-0.002234465889246584,0.00013894617316112523,0.003172600888877719,-0.00030264380280575764,-0.0001885253342505111,-0.0006213647904994568,0.0,0.0,-0.00038923674743440717
2024-08-27 15:18:00+00:00,-7.841837322375422e-05,0.0007903774957094267,-9.917940024140037e-06,0.004427558062387149,-0.0004452439123547869,-0.0007333349488995999,-0.0007992755578185573,-0.00010229792372695723,-0.0013218294376867723,0.0
2024-08-27 15:19:00+00:00,0.00023527356944197386,0.00013165902421685693,-9.925609412353431e-05,0.0006297373305899079,-0.00012647688681111102,-5.240579722010086e-05,0.00015033313942547366,0.00035823555983460764,0.0,-0.0020815583773908797
2024-08-27 15:20:00+00:00,0.0006274400779886502,0.0002631829716099876,-5.958985521714588e-05,-0.0012586820221232031,0.00010865553942585038,-1.0494506925473601e-05,-0.0003628841087891521,0.0006487620316666387,-0.00023757193896301043,0.0
2024-08-27 15:21:00+00:00,0.0,0.00039472078022195767,-0.00019846800269485154,0.0006301341495871249,-7.210289899328703e-05,-0.00016772189827918282,-0.0009737477974186559,-0.00023928557301478026,-0.00029450752937565383,0.00015147443888685608
2024-08-27 15:22:00+00:00,0.0007445341748553158,0.0,-0.00010921315180822955,-0.0018891519367125742,0.00023252958362518505,0.0003564928223338537,0.0005849133290753983,0.0002046158910224971,0.0,0.00012068481087368355
2024-08-27 15:23:00+00:00,0.000665681640121818,0.0002631102562424825,0.00010922508062360947,0.0,-1.7832547378304753e-05,-0.0001467049792936992,0.0009351239895452057,-0.00015346953500994243,-0.000348266081861226,0.0
2024-08-27 15:24:00+00:00,-0.00113481351435063,-0.001051963548249213,0.00013897790122618936,0.0031545259215892685,-0.0002494426414040296,1.9196664391429863e-07,0.00027252928561205536,-0.00025563973961895137,0.0,0.0
2024-08-27 15:25:00+00:00,0.00023510192213516135,0.0022377012796332973,0.00010919797570285716,0.004402556614967024,-0.0004098231832667665,-0.0009018591198023396,-0.002490813847176754,-0.000214882833437402,0.0,-0.0002467984426790526
2024-08-27 15:26:00+00:00,-3.920631875808933e-05,-0.00039399500311732005,-7.94286889004292e-05,-0.0025046938750282743,0.0001782286617149076,0.00024139174864212798,0.0008981081268366609,1.0227279824581714e-05,-0.0006089981468243577,-2.183717763615256e-06
2024-08-27 15:27:00+00:00,-7.832008299057946e-05,0.0002627334503488843,-2.9759727682598935e-05,0.0,-0.0001781969019195584,-0.000346216554837242,-0.0015598998323759217,0.0,0.0003219595796453145,0.00012070029996413822
2024-08-27 15:28:00+00:00,3.911529054967389e-05,0.000262764654967107,2.9760613350360288e-05,0.0012554616262534513,0.00016049284250896356,-2.1009498727408982e-05,0.0007034269186612097,-0.0003069713969330312,-0.000342920820019188,0.0
2024-08-27 15:29:00+00:00,-0.0005091483165112765,0.00026259543881446135,1.9839818454991942e-05,-0.001880861023820568,-0.00042787597275695255,-0.0005247360658298117,-7.881796859188217e-05,-5.1151578213559645e-05,0.0,0.0006227820522846095
2024-08-27 15:30:00+00:00,0.0,0.00013131333163851622,-2.9759137266660574e-05,0.005653275889232479,-0.0001425775385087702,-0.00031499411733260096,-0.0013655515466090007,-0.00020477297534038374,0.0005938153222957432,0.0
2024-08-27 15:31:00+00:00,-0.00031354789054127696,-0.0003937881225610784,6.951577868075098e-05,-0.0018738717187141152,-0.00021400565797868865,-0.0001680284277687516,0.00021730137447151243,0.00030714425984723626,0.0,0.001524494419824718
2024-08-27 15:32:00+00:00,-7.838763056589038e-05,0.0,0.00023813935400096575,0.0018773897061894473,-0.00017844880626027848,-0.000231150050045148,-0.0009234941097597815,-0.0003070499512172198,-0.00047406202155453325,0.0
2024-08-27 15:33:00+00:00,-0.00015688327023222204,-0.0006566388805759882,1.983391293269854e-05,0.0024983764901236327,-0.0008384997257997462,-0.001239904889104082,-0.0010915703232711182,0.00010240745795009332,0.0,0.00015221738742465796
2024-08-27 15:34:00+00:00,0.00015690788645450482,-0.0002627679824882545,-5.9500558669323134e-05,0.001869201749009175,0.00037491684257240365,0.0004839789296751107,0.0021519019017972596,5.115943286604363e-05,-0.0017596574099950635,-9.505950031574173e-05
2024-08-27 15:35:00+00:00,-0.00031367082156863457,0.0001313683832202539,-6.942144906263437e-05,-0.003109405304588031,0.00012496175974052726,0.00012592640468112037,8.343353303796874e-07,0.00015354854914595428,-0.0015998635986503862,0.0
2024-08-27 15:36:00+00:00,0.0002352551196713737,-0.0002628025237063625,-5.958394056082561e-05,-0.0012476891395478695,0.00017854118021265464,0.00023154192741081658,-0.0002343884368848359,0.00016992387941217046,0.0,0.0
2024-08-27 15:37:00+00:00,-0.00011755203065388908,-0.0006573294591615264,3.9674517526844255e-05,0.0018738717187141152,-0.00014278566445002916,-0.00018920706201086546,-0.00031253157430255474,0.0001371808515207018,0.0,0.0014353368565469538
2024-08-27 15:38:00+00:00,3.91567043649399e-05,0.0001315724371500071,-9.918235880479465e-06,-0.003740733782186534,0.0003033675541375125,0.00026284801211562403,0.0005807761196308103,0.0,0.0015646536326265892,0.0003968366982869398
2024-08-27 15:39:00+00:00,-0.0008626583067983251,0.0,0.0001488507262681349,0.0018773897061894473,-0.0001249037903237049,-0.00015769302672197227,-0.0016739765829210107,-0.00030703374256335625,0.0002510716181631789,0.0005879512498658812
2024-08-27 15:40:00+00:00,7.847377232139685e-05,0.0006576752934452923,-9.916858121328254e-05,0.0018738717187141152,-0.00037464927001662485,-0.0006338873522052646,-0.0027384279853431837,-0.00026714595196186686,-2.8960093118368668e-05,0.0
2024-08-27 15:41:00+00:00,-3.91859028091579e-05,-0.0006572430409353958,-5.95827586726827e-05,-0.0012469112607288446,0.0002855592336030721,0.0005080607533565207,0.0018045140325253506,-3.991466229580354e-05,0.0,0.001629746524377973
2024-08-27 15:42:00+00:00,-0.0004710157633147638,-0.0009206852025266388,-1.9836865254418967e-05,0.001248467989523716,-3.572555887076945e-05,-2.0984645784927203e-05,-0.0005482002779061412,0.0001535721299235071,-0.0005039962600473791,0.0
2024-08-27 15:43:00+00:00,0.0003534282927832866,0.0002633527211959308,-6.943040567197745e-05,-0.003117278151822056,0.00024987000006748694,0.00022076053931030515,0.0011753165119594566,5.123491772107691e-05,0.0,-0.00020978545073291333
2024-08-27 15:44:00+00:00,0.0,-0.0007897497412101551,0.00012902685507709677,0.0018762155769191935,-5.3467969528320225e-05,-5.2547376849676475e-05,0.00047041067305575446,-1.0152740959057382e-06,0.0006942081772385311,0.0
2024-08-27 15:45:00+00:00,7.847993093768046e-05,0.0010537649233954838,-9.925609412353431e-05,-0.001872701984285463,-8.929955065961614e-06,-6.307299862251536e-05,0.0003512395473408425,-0.0006132261765106062,0.0,4.3208889429990904e-05
2024-08-27 15:46:00+00:00,3.9284794446592386e-05,0.00039472078022195767,0.0,-0.0018761559349974588,0.0002943644401658396,0.00033643193368537716,0.0012121116660557263,-0.00010237127027667992,-2.445688760766007e-05,-0.0008999490097947316
2024-08-27 15:47:00+00:00,-0.00011775394082869095,0.00052612016532394,3.967609165655972e-05,0.000626580755509698,-0.0002852415375259598,-0.0002522230524172331,-0.0004295892033131521,0.0,9.523212720119467e-05,-9.922870171930054e-05
2024-08-27 15:48:00+00:00,3.9192053423064976e-05,0.0005258435084503077,-9.918629381711064e-06,0.0018785054771182086,-0.00012632617985930406,-0.00027333196282375294,-0.00035239188600844074,5.119087561333835e-05,-0.00017118609791488826,0.0
2024-08-27 15:49:00+00:00,0.0,0.0,0.00010918172085983002,-0.0012500286102294922,1.9169152303044612e-05,0.00023130462999465529,-0.00023371859827525654,-0.00020483117097469528,0.0,-0.0017397850700392459
2024-08-27 15:50:00+00:00,-0.0002747169036080299,-0.0007883005927290521,6.942351455441198e-05,-0.0006257368894843074,3.583255805028607e-05,3.156924560032692e-05,-7.89782504992953e-05,0.0,-0.00048126610688992155,-0.00023947786110756208
2024-08-27 15:51:00+00:00,3.929713338912677e-05,0.00013142020295697776,-2.975086939915883e-05,0.0012523170792080318,-3.58312741242095e-05,-0.0001366674195137918,-0.001093911304118067,0.0,-1.5405394867884503e-05,-0.0002836627379657619
2024-08-27 15:52:00+00:00,-3.929558918513987e-05,-0.0007888188340727798,-8.933096782914873e-05,0.0012508103846129437,-0.00032129497340005475,-0.0005572044163086876,-0.000939356137628411,5.1198742339941816e-05,0.0,0.0
2024-08-27 15:53:00+00:00,0.00023559110700110963,-0.0002631137245580062,-2.9754412530169638e-05,-0.0006246239062380754,-0.00019632529598057058,-0.0003051147753563299,-0.0007059117915723112,-0.00015366652550607984,0.0,-0.001955720221856083
2024-08-27 15:54:00+00:00,-0.00011776780845229595,0.0001315412792097792,0.0,0.0012500286102294922,0.00030359027648074743,0.0004041178659981437,0.0016473140071939785,-3.4865617279389305e-05,0.00016286859718461777,0.0
2024-08-27 15:55:00+00:00,0.00015697834887151707,0.000394772735099469,-9.918432627209484e-06,0.0,8.921930169725201e-05,0.00014304051096014625,0.00011741205204263139,0.00023976810898096446,0.0,-0.0003086932399353204
2024-08-27 15:56:00+00:00,-0.00011766737273477546,-0.0005260890278724339,4.966836899455984e-05,-0.0037453444383406254,0.0002617519604437568,0.0004627610252381231,0.0010566441269157512,-0.0004097824760819213,0.0005257345942935032,0.0
2024-08-27 15:57:00+00:00,3.919512945405046e-05,-0.0009212910204199343,-5.958394056082561e-05,0.0,0.00021997528000561317,0.0002529283092609358,0.001172803159416258,5.129267711034835e-05,0.0,0.0002451064998156838
2024-08-27 15:58:00+00:00,-0.00015696602873738197,-0.00039528925363996326,0.00017861104359884195,-0.001253161511019285,-1.7746576707167172e-05,5.1894282430353655e-05,0.00011713697220594455,-5.1290046306440296e-05,3.8962729773217575e-05,-0.0006557049954267757
2024-08-27 15:59:00+00:00,7.849533546977483e-05,0.0005271602131686759,-0.000109085439334633,0.0006273669476217769,0.00016048416133473964,0.00011558546894385735,-0.00031240810650190465,5.129267711034835e-05,0.0,0.0
2024-08-27 16:00:00+00:00,-0.00039254170755642637,-0.0006585277077065799,-0.00010917304973168118,-0.0006269736051047747,-0.0002318700230269366,-0.00039924327845886065,-0.0008981858219652139,0.00020492562708729345,0.00033519312407470636,0.0
2024-08-27 16:01:00+00:00,0.00023565586343998746,-0.0007908947649403197,-9.91902291413993e-06,-0.0012546740662382483,0.00014274746514364445,0.00027518688198435726,0.0003908640523171414,-5.1201367787911956e-05,0.0,-0.0005837936385248987
2024-08-27 16:02:00+00:00,-7.859734789539274e-05,0.00026387380431547314,-9.926693150463795e-05,-0.0012563101550140399,0.00017832721236255011,0.0003134048032269465,0.0009769274014452822,-2.3608556991794316e-05,-0.0008666756469083436,-0.00012560434056829717
2024-08-27 16:03:00+00:00,-0.0001570153359313764,0.0002637035814789801,-3.968042416258033e-05,0.0012578904555671233,-8.91477087188175e-05,-0.00010509814493120384,7.803026359098908e-05,-4.4013017846733504e-05,-4.158073736848511e-05,-5.3028571973312566e-05
2024-08-27 16:04:00+00:00,3.930793491058182e-05,-0.0005273687057619769,0.00010920122559832102,0.0,-7.130275355993199e-05,4.206932871464453e-05,-0.0005074549419321617,-0.00018551951758360996,0.0008502219844470638,0.0
2024-08-27 16:05:00+00:00,-3.930638985760737e-05,0.00013193690215773657,5.951649886704047e-05,0.001256250250848634,-0.0002854490858770209,-0.0004202908253475579,-0.0018745439823306675,0.00015067949650049428,0.0,-0.0003341771679234995
2024-08-27 16:06:00+00:00,-0.0004320037919693931,0.0,0.0,-0.0006273071186165824,0.00016062456930843183,0.0004204675439987149,0.0008295078398758982,5.1209237740046376e-05,-0.0011070160012864871,0.0
2024-08-27 16:07:00+00:00,7.864984685346244e-05,-0.0005275773633387493,-5.9512956864127275e-05,-0.0006277607464066914,0.00024650550679572447,0.0002626657339981353,0.0005785755254619218,0.00015377620254231061,0.0,-0.00115466259970054
2024-08-27 16:08:00+00:00,0.00011777367850362985,0.0007917334330986847,1.983883295575417e-05,0.001256250250848634,-0.0004961551243474194,-0.0006407848155475238,-0.0010166762811623098,-0.0002561500437378017,0.0011335411386412808,0.0
2024-08-27 16:09:00+00:00,7.863440047883863e-05,0.00013188471404856905,0.0,-0.0012546740662382483,0.0002676951912337078,0.0003573888099646094,0.0006657225004835787,-5.1290046306440296e-05,0.0,0.0004579034645211255
2024-08-27 16:10:00+00:00,-3.931410879809416e-05,0.0003955013829974874,-9.919219692067216e-06,0.0,0.000160487026953815,0.00014711129591593597,-0.00019466361661857334,-0.00040987227654254443,-0.00015427786685140443,0.00040430951996328623
2024-08-27 16:11:00+00:00,0.00011785107153383656,0.0,-3.975299232128471e-05,-0.002512560405862674,0.0002140209407406335,0.00023089357287453538,0.0009374782645938939,0.0003588048536511401,0.0010685200772064807,0.0
2024-08-27 16:12:00+00:00,0.0006283051820077379,-0.0013178502601565167,-0.0001984699714403515,-0.0012594746611799268,0.00012483697455678566,0.0002522511734488475,0.0002343288415538325,0.0004304583071219614,0.0,0.0
2024-08-27 16:13:00+00:00,-7.847685526851667e-05,-0.0005278558481354167,9.921681578095587e-06,-0.0018915342762041432,0.00041015852425640986,0.0005414181695271303,0.0003904962949325963,-8.300636225788693e-05,0.0,0.0019946951225813248
2024-08-27 16:14:00+00:00,-0.00015696602873738197,-0.00013195810823651843,9.92158313928293e-06,-0.001895118958672004,5.4498586354423395e-05,4.682321462956551e-05,-0.0005074351156059143,0.00016501033600979653,0.001327817895644401,0.0003489941006211694
2024-08-27 16:15:00+00:00,0.0003532769310643502,0.00039612805977951027,-0.00011913355295412043,0.0,2.0449452868387397e-05,0.00012592357028551326,-0.00019533060927179324,0.00015365078084839112,0.000375668794719175,0.0
2024-08-27 16:16:00+00:00,-0.00023540284401513123,-0.00026404793950463024,2.9768000475050016e-05,0.0,-3.948404039855191e-05,-0.00012616388586306204,-0.0003905587415724554,0.0,0.0,0.0
2024-08-27 16:17:00+00:00,-0.0002748450642406919,0.00013205883961675546,9.929945785214223e-05,0.0018987172537368036,-0.00030283170486966604,-0.0004197239916039486,-0.0005470435708428978,0.0,0.0,0.0030396209535170637
2024-08-27 16:18:00+00:00,7.860352592414799e-05,0.00013204140238243234,-7.944682591376484e-05,0.0,1.7844627912877442e-05,0.00013648519731535025,-3.9074622267709636e-05,0.00015362717591282937,0.0012061735620272351,0.0
2024-08-27 16:19:00+00:00,-7.859734789539274e-05,-0.00039597120447454337,3.9764440001865964e-05,-0.0006317264011391766,5.34241216982867e-05,-7.374320374053944e-05,-0.00043007627366020706,0.0002037630376505728,0.0,0.0018046059854643914
2024-08-27 16:20:00+00:00,0.0003534282927832866,-0.0013205611921641713,7.937424015080907e-05,0.0,1.784335622212474e-05,4.222446152124526e-05,-0.0005867525351039848,0.0004617323406908014,0.0004177247533934114,0.0
2024-08-27 16:21:00+00:00,3.9192053423064976e-05,0.0003967527407262583,0.00012904863588625304,0.0018963771949580543,-0.0002628584111427079,-0.0004618866322999571,-0.000939259674903159,-0.00015350140930847633,0.0,0.00022060632800768865
2024-08-27 16:22:00+00:00,-7.847685526851667e-05,0.0003964945525358754,9.919712422146176e-06,-0.0006309292518079657,-0.00011143948030889472,-0.00010608622778329746,0.0011430791646429572,9.831533280335591e-05,9.081294041424215e-06,0.000529693513611873
2024-08-27 16:23:00+00:00,-7.84830143687465e-05,-0.0010569669503791568,8.935224844708323e-05,0.0012625949429734273,0.00012473034952797946,0.0003161769108541712,0.0016363855433483288,-0.0005076133015766704,-1.5513736436156833e-05,0.0
2024-08-27 16:24:00+00:00,0.00015697834887151707,0.00013228589009028902,-4.95936388094087e-05,-0.0018915342762041432,8.923746153821632e-05,0.00023096946806644425,0.0003125315743024437,5.1169908156678545e-05,0.0,0.0
2024-08-27 16:25:00+00:00,-7.847685526851667e-05,0.0001321675016257018,-0.00012902557523142288,-0.0006317264011391766,-5.3537699354455626e-05,-8.374233808861042e-05,7.806378919972268e-05,0.00015357998779319537,0.0,0.0008385824427297184
2024-08-27 16:26:00+00:00,7.84830143687465e-05,-0.00039665186283632803,3.968199876114298e-05,0.0012642514633054436,-0.00023179147386076515,-0.0003781856712228304,-0.0006255341142519244,0.0,-6.388479194463503e-05,7.643954075597925e-05
2024-08-27 16:27:00+00:00,-0.0003531937588765466,0.00026460678392448145,-4.960053020319766e-05,0.0012625949429734273,-0.00010699711031614267,4.205077259000767e-05,-0.00031182998290002484,0.0,-0.0003839008616230988,-0.0004679594074024074
2024-08-27 16:28:00+00:00,0.0002356096019826559,0.0,-7.944051461705737e-05,-0.0012610028072059798,0.00021314624651957992,6.30094075031451e-05,0.0006254051923064718,0.0,-0.00021161458712226633,0.0
2024-08-27 16:29:00+00:00,0.00027474923262826856,0.0,-2.9764158802736418e-05,-0.0006313275748424108,2.764433581159409e-05,-1.9228516046077004e-07,-0.00019532442092895508,-5.115943286604363e-05,0.0,-0.0006620128679613035
2024-08-27 16:30:00+00:00,0.0,0.0003967042873220805,4.9608407890477935e-05,0.0,0.0,-0.00014684179575141787,-0.00019536258001173756,0.0,0.0007231379859480302,0.0
2024-08-27 16:31:00+00:00,-0.00015702487019098044,0.0005287629176538022,-2.976356821104975e-05,0.001895118958672004,-0.0003655699097764309,-0.00010500313663219796,0.00018603916768467066,0.0002558883614380836,0.0,-0.00027728689954498176
2024-08-27 16:32:00+00:00,-3.919051746625879e-05,-0.00026429213655299044,2.9764454107406024e-05,-0.0037830685524083973,0.0006243852771803393,0.0009033269615337236,0.002157414469795782,-0.00010229792372695723,-0.00040939169262776964,0.0
2024-08-27 16:33:00+00:00,0.0,0.00039644218346479576,3.9684757614733e-05,-0.0006329258709566465,3.5579177324551736e-05,0.00010491938693779623,0.0005856048523584789,-5.12322928387654e-05,0.0,-0.0002800269749126949
2024-08-27 16:34:00+00:00,0.00015695986187536093,0.0005284137006595913,-1.9841591398672698e-05,0.0,-1.784335622212474e-05,-0.00010490838001475655,-7.788433332256428e-05,0.0002047834668670312,-0.0005680964359628948,-0.00013733946230420901
2024-08-27 16:35:00+00:00,0.0,0.0,0.0,0.001266653439644827,0.00010706204767907401,0.0002308482726027794,0.001052055521703954,0.0001022926835743121,-0.0003064604062938958,0.0
2024-08-27 16:36:00+00:00,0.0,0.0,-2.976297764278879e-05,-0.0018975765875555162,-0.00019615061756439456,-6.294991095434632e-05,-0.0002725080805060509,5.1219188456963494e-05,0.0,0.0
2024-08-27 16:37:00+00:00,0.0,0.0,2.9763863504062016e-05,0.0012674561534928852,-0.00030304306377948453,-0.000461683089430287,-0.0012770020217911515,-2.256339533346363e-05,0.0,-0.0008027370620198315
2024-08-27 16:38:00+00:00,0.0,0.0,-9.920992547596263e-05,0.0006329258709565355,3.5701348640282404e-05,-0.0001469175066849404,0.0006931540508108291,0.000227200560396712,-0.0008594256023840563,-0.0002889607417304596
2024-08-27 16:39:00+00:00,0.0002354986530683778,-0.0013202862020270656,5.9531861437145395e-05,0.0,-0.00023183279826755054,-0.0002729875896381184,-0.0009318877777888535,-0.0003580523171652361,-0.0007991804198143049,-0.0007853389952817702
2024-08-27 16:40:00+00:00,0.00011772160325529413,0.0002644668511682102,-1.984277253519462e-05,0.0006324652082305704,2.6781264349962086e-05,2.0960403106284886e-05,-0.00027537633377228143,0.00015351711137956414,-4.4778767274711306e-05,0.0
2024-08-27 16:41:00+00:00,-0.0001961476524440231,-0.0002643969269453539,5.9529498835919625e-05,0.0012642514633054436,-0.00034782052069226577,-0.0006300808682835335,-0.0017942484059721986,0.00015349354749361055,0.0,-0.002351047205124801
2024-08-27 16:42:00+00:00,0.00019618613389349449,-0.0001322334255841051,-4.960496273798132e-05,0.005050500185316276,-0.0005180462957184995,-0.0006304781204851118,-0.001289522982033997,0.000102339347910263,-0.000994790946213242,0.0
2024-08-27 16:43:00+00:00,-0.00015697558708771542,-0.0002644009492609456,0.0,-0.0012563101550140399,5.44791682655088e-07,0.00021024917222400852,0.00046950119855937444,-0.00025578316206842366,0.0,-0.0013339231491407144
2024-08-27 16:44:00+00:00,-7.84522210168781e-05,-0.0005290426557921224,9.921484702468675e-06,-0.0006288852482654317,3.573831490566448e-05,-8.405632466734758e-05,-0.0004692808706282525,0.0,-0.0015988346418266408,0.0
2024-08-27 16:45:00+00:00,0.0001569167525015125,0.000396966778060337,0.0,-0.0012586820221232031,0.00021420431757901426,0.00037867028143523385,0.0,0.0,0.0,0.0002304068586227448
2024-08-27 16:46:00+00:00,-0.00011762120875136173,0.0,-3.968554507038924e-05,-0.0018903423558616073,0.0,-4.2464808893249995e-05,0.0014077871645512552,-2.0299248396637992e-06,0.0006186674729551367,0.0007954249079900055
2024-08-27 16:47:00+00:00,-0.00011773083913824145,0.0,3.9687120075404536e-05,-0.0012626551496847105,0.0002855082815376164,0.000462706456214379,0.0010166770691297788,-0.0002814574577638673,-0.0002961506374368206,0.0
2024-08-27 16:48:00+00:00,0.00015692906490105685,-0.0006613151239731607,-1.984277253519462e-05,-0.001264191180477603,0.00016062743799771795,0.0002730840674458612,0.0004683649940286916,7.676853661431338e-05,0.0,0.0
2024-08-27 16:49:00+00:00,7.84522210168781e-05,-0.0002647818881917896,-4.960791569652567e-05,-0.005063286249386678,0.00028538094981445106,0.0003571110580775638,0.0007022185964342675,-4.9118721120344766e-05,0.0,0.0015415092834027977
2024-08-27 16:50:00+00:00,3.927092474609317e-05,-0.00013242600810436933,5.95324521166507e-05,-0.0031806736568404936,0.00037455768231842157,0.00048296270095149474,0.0004686500593933385,-5.013635605055633e-05,0.0007910889368694107,0.00034056776734425753
2024-08-27 16:51:00+00:00,-7.844298622006196e-05,0.0,7.94476141441347e-05,-0.0006381766964356217,0.0002317666812436947,0.00031895889766264673,0.0006226713003114615,0.00015252525355080593,0.0002658526941703432,2.968193726582413e-06
2024-08-27 16:52:00+00:00,-0.0001177216032551831,-0.00026478606932300863,-9.996427034586475e-06,0.0006385842260074881,-0.0001960313550085635,-0.0002559181143989564,-0.0006231157522782471,0.0,0.00027179806897992265,0.0
2024-08-27 16:53:00+00:00,-7.845837625075625e-05,0.00026485619955507467,-3.968318279723437e-05,0.0,6.397837791971561e-05,-0.00010496801645676346,-0.0005454919083582865,0.00035818056454628433,0.0,0.0009451690168589266
2024-08-27 16:54:00+00:00,0.00019620923377128285,0.00026488709414906886,0.0,-0.0006381766964356217,-4.613111703777317e-05,-0.00012592360254748414,-0.0006238445697739348,-0.00017289860094193976,-0.0011010148696835032,0.0
2024-08-27 16:55:00+00:00,0.00027461988326504816,-0.0003971244232631177,-0.00010920881771081525,0.0006385842260074881,-3.568798214814706e-05,-0.00012593946129813016,0.0003120574671506837,0.00047990586443869,0.0,-0.0016987685756478799
2024-08-27 16:56:00+00:00,-0.0003138061691018157,-0.00039728219372514584,4.968710755903771e-05,0.0006381766964356217,-1.7844627912877442e-05,-6.297766202190136e-05,0.0,5.119037521073011e-05,-0.0005304842757362094,0.0
2024-08-27 16:57:00+00:00,0.00027463066868782526,0.00013241264429564303,-5.960641889179996e-05,0.0,-0.00010696086744721445,-0.000209960118469521,-0.00046645238501896724,-7.163164480072925e-05,0.0,2.16841258535716e-05
2024-08-27 16:58:00+00:00,0.0,-0.0005298836489507908,1.9844742911834246e-05,0.0,0.00019609776333195938,0.0003254840975159823,0.0009357217060286249,2.04453544447869e-05,-0.00022689129877573322,-0.0011217083789902826
2024-08-27 16:59:00+00:00,0.00015695712705054987,0.0001325664232607604,-9.922174552867702e-06,0.0019132482389869754,-0.00032085400914105833,-0.00043031410046479035,-0.0005465368905263057,0.00025571777372745963,0.000174107870005491,0.0
2024-08-27 17:00:00+00:00,3.916131214709573e-05,-0.0002649965983172464,3.976483455558899e-05,-0.0019095947102703015,0.00021397132631850724,0.0003360291937137827,0.00039006982452205463,-0.000153375836487335,0.0,0.0
2024-08-27 17:01:00+00:00,3.9255523778702894e-05,-0.00039765082616716185,-5.960701029938953e-05,0.000637708865619091,-0.00017823502279024073,-0.0003881970167453064,-0.0002729543091858355,0.000511383231561302,0.0,-0.0013440130113226978
2024-08-27 17:02:00+00:00,0.0,0.00013253555696302044,-1.9844939820545804e-05,-0.0006373024521951764,0.0001069818441035153,5.230100381403702e-05,0.00027302883358260033,-0.00013390238336885574,-0.00037662901243229463,-0.000327348649637238
2024-08-27 17:03:00+00:00,3.9253982843101554e-05,0.0006629946031793121,-0.00010922508062360947,0.0,-5.353961027954046e-05,-0.00018900440439861832,-0.0001950183577835718,-0.0001144991399695261,-0.00047497623215631,-0.00019450757859706957
2024-08-27 17:04:00+00:00,0.00015681829278690884,0.0009275168105471465,-9.92375074748697e-06,0.0,0.00010697612767307518,6.301337793890305e-05,0.0003509587039782769,-0.0007739717708579175,8.5177107770118e-05,0.0
2024-08-27 17:05:00+00:00,-7.839685233290705e-05,-0.0006619413708205402,-0.0001191619453259074,-0.0019133090600518265,0.00033873963827213416,0.0004410658525226818,0.0014041750742090908,0.00020461109566705105,0.0,0.00022652276727597176
2024-08-27 17:06:00+00:00,0.00011765236340055552,-0.00013239511350859878,9.925031915436477e-06,-0.0006389313387381579,0.0,2.7486387190522876e-05,0.00015503507594338828,0.0,0.0010257826662085634,0.0
2024-08-27 17:07:00+00:00,-0.00015688327023222204,-0.0002650274453002144,1.9925629670680678e-05,0.00127874064260447,-0.0001243328936538779,-4.85002871896123e-05,-0.0005060130625015313,-0.00010130899336635579,0.0,0.0016173696565369156
2024-08-27 17:08:00+00:00,3.9250905092380606e-05,0.00013254885173363817,-3.9774703954997825e-05,-0.0006385842260073771,0.00017787363008747725,0.00033593043504120956,0.001207202571277266,0.0004072284811711402,0.0007670111898170351,0.0
2024-08-27 17:09:00+00:00,7.840299888117741e-05,0.00013253128486412358,-4.9625652113305385e-05,0.001277984552791267,-7.124557053783676e-05,-0.00016787678650909132,-0.00011668136361220327,0.00010330669596703146,0.0,0.00014323666692139803
2024-08-27 17:10:00+00:00,-7.839685233290705e-05,0.0006623664565417187,-2.9776868964548342e-05,-0.0019144692294275067,7.125064683077831e-05,0.00030435579198484497,0.0005445370010932482,-0.00010228178890303585,-0.0006304082164028113,-2.8940565197310697e-05
2024-08-27 17:11:00+00:00,3.915363436202135e-05,-0.0006619280176261011,-6.955720022716605e-05,0.0,-3.567717120056546e-05,-1.0502875770646014e-05,0.00019446488164742703,0.0002045845030749227,0.00036475299395077876,0.00021081631407060542
2024-08-27 17:12:00+00:00,0.00023529551412648786,0.00026492636694586125,-0.0001291216928763772,-0.0006394008096108905,5.351766615979692e-05,-2.094192956636487e-05,-0.00015314542433264577,-0.00010227132840856523,-0.00047038134220334094,0.0
2024-08-27 17:13:00+00:00,-7.8381486426915e-05,-0.00026485619955507467,-8.935101831741843e-05,0.0,7.124429964022738e-05,-6.29551922983751e-05,-0.0003133377350107436,0.0002044855596603501,0.0,-0.0004673249580166017
2024-08-27 17:14:00+00:00,0.0003920338642220411,0.00026492636694586125,-0.00022851348002150829,0.0,8.907622085807532e-05,8.140497167263838e-05,-7.785459325482247e-05,0.00010124684949142093,-0.00050122389670193,-7.544541296355955e-05
2024-08-27 17:15:00+00:00,-0.00011758320494692498,0.0013244831009415758,1.9862094897682425e-05,0.0006398099045819006,-0.00014246575819187868,-0.00033327851273246,-0.0005056194978272366,-0.0002034091307925312,0.0005579276855693927,0.0
2024-08-27 17:16:00+00:00,-3.923090583968225e-05,-0.00013230339196224072,-0.000119246010432561,0.0,-5.351384757823485e-05,0.0001257578463798037,-0.00035019394260671355,0.00025556130577153446,-4.659483665814257e-05,0.0
2024-08-27 17:17:00+00:00,0.00011760164600205236,0.00039696269539790663,-0.0001093281971825677,-0.0006394008096108905,0.00019601039442473933,0.0003150917279486354,0.0009186159488026036,0.00030673559547644835,0.0,-0.00022258571830546803
2024-08-27 17:18:00+00:00,7.835998577454539e-05,-0.00026453678569648975,-8.939808474273114e-05,-0.0006398099045819006,0.0,-0.00010495480155725545,-0.00013992683452501709,-5.1145906093785776e-05,0.0004062498316008689,0.0
2024-08-27 17:19:00+00:00,0.0003918648999836627,-0.0005291126499299414,-2.9802025824920975e-05,-0.0006402195233741192,0.0,4.2011944328734785e-05,0.00077712399549279,0.00020443814790893633,0.0,-0.00019090106990871103
2024-08-27 17:20:00+00:00,0.00019585570101710026,-0.001058684545325983,-7.95502717525487e-05,-0.0006405685731865063,0.0001960807343663884,0.0003216724559811368,0.0010781383432962865,0.00010110681954977885,0.0003283913456522125,0.0
2024-08-27 17:21:00+00:00,-0.0001174139182917866,-0.0002650274453002144,1.987019002047674e-05,-0.0012820805945253921,0.00012460591747620597,7.701523518832687e-05,-0.00022131940964109642,-0.0003054722957127609,0.0,-0.0009333621111718982
2024-08-27 17:22:00+00:00,-3.920631875808933e-05,-0.000662542048368131,4.975032692255965e-05,0.0,-0.00012448167515588526,-0.00012585227951056321,-0.0005444145836744907,-0.00020436017760072644,0.0008664480854931877,0.00014713442308122993
2024-08-27 17:23:00+00:00,-3.920785595379339e-05,0.00039780901525077184,0.00015902628893393889,0.0019255284414696483,-0.00019615100408876263,-0.0002731837585565611,-0.00027199985581871644,-0.00020447993546479637,0.0004556671729494255,0.0
2024-08-27 17:24:00+00:00,-7.83231538735718e-05,0.0001324828540891776,0.00014906817981241716,-0.0006405685731865063,7.112412660870149e-05,0.0001263507943769504,-9.167963979028748e-05,0.00010226087803011374,0.0,0.0
2024-08-27 17:25:00+00:00,0.0001958710422549359,0.0,-7.95265584589977e-05,-0.0019231208917881437,0.00021400967349816113,0.00027277566333960834,0.0007524824864564295,-0.00010225042181222221,0.0,0.000701714052466551
2024-08-27 17:26:00+00:00,-0.00011751873486731679,0.00026513284652174285,-7.945706562484389e-05,-0.002569040631794195,0.00033844998387655423,0.0006292613975531491,0.00031065158013321437,0.0,0.00026755643786402494,0.0002610859090685924
2024-08-27 17:27:00+00:00,0.00015674194041359613,-0.00013253128486401256,9.932922443889325e-06,0.0006439297523364029,1.7824290965418044e-05,0.00018865970299764,0.00023294595108902527,0.00016871874842050438,0.0004985376566073452,0.0005342335404847631
2024-08-27 17:28:00+00:00,3.910763079750801e-05,-0.00013254885173363817,6.952976647389697e-05,-0.003217515499202128,0.00026703355069512824,0.00032486330667991226,0.0006210840196492207,-0.00016869028720634116,0.0003141333718377215,0.0
2024-08-27 17:29:00+00:00,-0.00015661563368229992,-0.00013246530470756301,-6.95249324217384e-05,-0.0019367161662020571,8.89874209379915e-05,-9.239516202308451e-05,-0.0006595291664964753,0.0002045217560602275,0.0,0.002076025037982099
2024-08-27 17:30:00+00:00,0.0003524881879162223,0.000530234812206043,0.0,-0.0012936906671617843,0.0002670471527266294,0.0004800516079459527,0.00043322382496469025,-0.00010528143130339451,-0.00043569236882978757,0.0
2024-08-27 17:31:00+00:00,0.00019577901214584692,0.00013241264429564303,0.0,0.0012953664706754076,-0.00012458149253402606,-0.00018765888446892198,0.0008086421573136882,8.189417961768086e-06,0.0,-0.0004385784006368798
2024-08-27 17:32:00+00:00,-0.00027401785101577314,0.0005298836489509018,0.0,0.0006468453335808366,-8.896683112313841e-05,-0.00010554597089607043,-0.0001549956518395179,-0.00010739748746035893,0.0003607061798736044,0.0
2024-08-27 17:33:00+00:00,7.829861600749943e-05,0.00026485201620873866,0.00013913535603027327,0.0006463655484758579,3.563335407963386e-05,4.187759441287575e-05,-0.0002714619420770559,-0.00010015481875724763,0.0,0.0006032356825780294
2024-08-27 17:34:00+00:00,-3.909844529670359e-05,-0.0001323909440958948,7.945153573829522e-05,0.0012920192735859093,-8.908021097231433e-05,-0.0001047215681742042,-0.0012023797602485065,-0.0002065705021691011,9.27827766852296e-05,0.00025050439599128005
2024-08-27 17:35:00+00:00,0.00019578666710007298,-0.00013240847377871123,-2.9791958884972658e-05,-0.0012903521137852536,0.0001246147616669191,0.00012570461882632777,-0.0004521166406418198,0.0,0.0003272374974483405,0.0
2024-08-27 17:36:00+00:00,0.00011746812135982054,-0.0002647510047608659,-4.9654744120330996e-05,-0.0006459480299232379,0.0,2.0905515699665145e-05,0.0006473586994397706,0.0,-4.3402591317964756e-05,0.00029088012693523346
2024-08-27 17:37:00+00:00,-3.918329774665885e-05,0.0,-0.00010932167417421201,0.0006463655484758579,-8.875115501427722e-05,-0.00020943436610809663,-0.0004278571371867379,0.0002045845030749227,0.0,0.0
2024-08-27 17:38:00+00:00,-7.827409351146564e-05,0.0,5.959516684717059e-05,0.0012920192735859093,-0.0003384141813684849,-0.000628626544038724,-0.0007768972520786344,-0.00020454265681724149,0.0,-0.0003659160741534828
2024-08-27 17:39:00+00:00,0.00023484066247436708,0.0005297432710329453,-8.938742321229487e-05,-0.0012903521137852536,0.00017801286778729164,0.00025158319216966873,0.0005830666530004525,0.0004090909800238407,-0.0007814700925159457,-5.754757167042435e-05
2024-08-27 17:40:00+00:00,0.0003914047666144782,0.0002646809034898556,0.0,0.0012920192735859093,-8.899059242306606e-05,-0.0003772798709802405,-0.00046618150750910026,0.0,-0.0004503811832095028,0.0
2024-08-27 17:41:00+00:00,-7.823122168892915e-05,-0.00013235591201354868,1.9865647564065725e-05,0.0006451760568926268,-3.553420460600254e-05,-2.0925242555258627e-05,-3.890611657531018e-05,0.00010225042181222221,0.0,-0.0011077061819735334
2024-08-27 17:42:00+00:00,0.0,-0.00013227246107549995,-8.946945975152332e-05,-0.0038684989510812118,0.0002491829559292391,0.00044033518972486085,0.00124540003271556,0.00020440194921933497,-0.0002991453451016701,0.0
2024-08-27 17:43:00+00:00,3.9166435091164686e-05,0.0006617527510757171,4.974340441132874e-05,0.0,-1.770898531094911e-05,-2.098043491294277e-05,0.00027023754602972794,-0.00010221907395446816,0.0,-0.0005220961298362248
2024-08-27 17:44:00+00:00,-0.00023479835855122477,0.0,3.973208443164289e-05,0.0019417303133686392,-0.00011570799604176951,-4.189778411889389e-05,-0.0001544474163991394,0.0,-0.00010870913283267392,0.0
2024-08-27 17:45:00+00:00,0.0,-0.0003968092579677007,-9.932626463982075e-06,-0.0006459480299232379,4.444135854075881e-05,4.189953961675208e-05,0.0008142910568120776,0.0,0.0,-0.00016936874189932283
2024-08-27 17:46:00+00:00,-0.0001956794026122255,-0.00013235591201354868,3.973090048803307e-05,0.0,-0.00014244506575078475,-2.098087510082891e-05,0.00023282038280303397,0.00010222952376159888,0.00022883292298248037,-1.277910455921294e-05
2024-08-27 17:47:00+00:00,-0.00011744973337768361,0.0,1.9864661003010653e-05,0.0006463655484758579,-1.7713084329407103e-05,5.2453288267750864e-05,0.00030554260437787306,-3.040842016965861e-06,0.000158868366264997,0.0
2024-08-27 17:48:00+00:00,0.0002349270588757335,-0.0003970193259152932,2.9796399609205437e-05,-0.0006459480299232379,0.00023146955784092427,0.000282913079801439,4.61368001070106e-06,-9.917853352370276e-05,0.0,0.0
2024-08-27 17:49:00+00:00,-7.825877568490291e-05,0.0005296030209696045,4.973500190219582e-05,-0.000646427195166166,-1.7817944930387242e-05,2.097428092739939e-05,0.0008133052239274186,0.0,0.0,0.00041953642958159065
2024-08-27 17:50:00+00:00,-3.918023106974644e-05,-0.000396966778060337,0.0,-0.0012936906671617843,0.00023142011551446906,0.000481950730912839,0.00045850868719710114,0.00010222952376159888,0.0009155462511534207,0.00022824697411838457
2024-08-27 17:51:00+00:00,0.00011744973337757258,-0.00013240847377871123,0.0,0.0006476832353377038,-5.344241959470697e-05,2.089982369368748e-05,-0.00038008415727242006,0.00015328962577765282,0.0009193224695784874,0.00015245992605694703
2024-08-27 17:52:00+00:00,-7.825877568490291e-05,0.0,4.9656716673673884e-05,-0.0019417303133687502,0.00011797066984087223,0.00018847795709064918,-0.0006196888247281818,0.0002554695389020978,0.0003000555405836547,0.0
2024-08-27 17:53:00+00:00,0.00019571003227025763,0.0003971770128652352,-6.951595140913813e-05,-0.001297046541161806,6.093346152891144e-05,0.00014639594088983188,0.00034876893082635974,0.0,0.0,0.0014065748714062742
2024-08-27 17:54:00+00:00,-7.824958637114854e-05,0.0,3.972616240721649e-05,0.0006493655278927424,-9.774826021935468e-07,-0.0001044619500382149,-0.00030998755793643085,0.00010217730404371572,9.777916931263952e-05,0.0
2024-08-27 17:55:00+00:00,-0.0001566069700134065,0.00013237343241989663,-9.931146075503605e-06,0.0019467704911255712,-0.0001244662396728824,-6.281151363796145e-05,-0.0005749911717213285,-2.5561198848333966e-05,0.0,0.0005530424004116519
2024-08-27 17:56:00+00:00,0.00019571770053494753,-0.00013235591201354868,-0.00014904448159014372,-0.0012953047042024712,-1.7814139864902323e-05,-2.0959786987240214e-05,-8.37778608719919e-05,-2.5561852239897043e-05,0.00027266927886371306,0.0
2024-08-27 17:57:00+00:00,0.00015660085003976754,-0.00013227246107549995,-4.973944793917884e-05,-0.0006485232705809585,0.00010677811854575836,0.0002929319432953825,0.0010469559816961294,7.559643443566522e-05,0.00011231921575438619,0.0006429330709438741
2024-08-27 17:58:00+00:00,-3.9167965419029116e-05,0.00013228995939407184,-0.00012920767563351365,0.0012978882518956958,-8.895416297338699e-05,-0.00014629531081999936,-0.0003486203370848262,0.0001287380098116131,0.0,0.0013704394212661342
2024-08-27 17:59:00+00:00,0.0,-0.0003970193259152932,7.955185837005274e-05,0.0,7.114793665552455e-05,8.376472272031421e-05,-0.00023249461040597552,-0.00015318786200468892,3.4070542047626162e-06,0.0
2024-08-27 18:00:00+00:00,7.82434638524343e-05,0.00026485201620873866,-9.941295550242035e-05,-0.0006481029607291466,1.781287251567676e-05,-0.0001360823153619961,0.0004262998122577244,0.0001899945207075593,0.0,0.0
2024-08-27 18:01:00+00:00,0.00027387846196647025,0.0002646809034898556,-0.0002186392418382921,0.0,3.551649730448858e-05,0.0001779534408623551,3.8781008845356624e-05,-3.677620130981829e-05,0.0,0.00036489121440341776
2024-08-27 18:02:00+00:00,-0.00015643184127156484,0.0005293226900737746,0.00018887643703480173,0.0019455079651595764,-0.0003024768564476865,-0.0003559074438767018,-0.00021151382418416187,2.5557283182875423e-05,0.00031256461156581317,4.760285617133597e-05
2024-08-27 18:03:00+00:00,-0.00011738999535404471,0.0005290426557920114,-4.967498152541605e-05,-0.0012944663000812318,0.00012461254136675315,6.282203884033777e-05,-0.00013717604428520325,2.547871346991748e-05,0.00013182396366651083,0.0
2024-08-27 18:04:00+00:00,7.823734229184254e-05,0.0006608780086565513,-5.9688782536149176e-05,0.0,4.019258548915161e-05,-3.137709400569122e-05,-9.071419033679362e-05,-5.1034043212938585e-05,0.0,0.0
2024-08-27 18:05:00+00:00,0.00015655796379498987,0.00013212862131695147,-0.00015905317473019487,0.0,3.09579094091017e-05,3.1378078558574884e-05,0.000323265155493635,0.0,0.0,-0.0006515269195135343
2024-08-27 18:06:00+00:00,-7.821897588533577e-05,-0.0001321111656508167,-9.937663539960617e-06,-0.0006481029607291466,0.00014240197481441008,0.000188518181907682,0.000774970784878537,0.0,0.0003242189813217333,0.0
2024-08-27 18:07:00+00:00,0.00011728988539028151,-0.00013202783670873686,-9.937762298184438e-06,0.0006485232705808475,-0.00012435320044956732,-0.00032725699347302406,-0.0003484313558917984,0.0,0.0,0.0001740575890982754
2024-08-27 18:08:00+00:00,0.00011737163182101717,-0.00013214606827649522,-0.00011933019423360225,-0.0006481029607291466,7.103677521724805e-05,8.64747485425088e-05,-0.00010696517001318462,2.5557283182875423e-05,-0.00037688248957801207,0.0
2024-08-27 18:09:00+00:00,-0.00011735785733768545,0.0002642262550973662,0.00011934443562822139,0.0006485232705808475,-0.0002847785846504802,-0.000387409163830843,-0.00043535344186318436,-2.555663002490327e-05,0.0,-0.000284852614654163
2024-08-27 18:10:00+00:00,-0.0001172761300863856,-0.0006604415373684391,-9.937861058184616e-06,0.0006480411542288955,0.00028377328513529143,0.00018853718226230498,-0.00019370608944302425,0.0,-0.0003294077283102492,-0.0013867960759815778
2024-08-27 18:11:00+00:00,7.822509457211524e-05,0.0002643310332197668,-0.00014914525959319747,0.0006476832353377038,-0.00017692784830214414,-0.0003560373515780757,-0.0014185392062331381,5.103664781946904e-05,0.0001810036738887355,0.0
2024-08-27 18:12:00+00:00,7.82189758854468e-05,0.0005286231861409973,3.975776896392169e-05,0.0006472640132875185,-0.00012318703768199324,-0.00016765932239548587,-0.001827425333246313,-0.00010206808642598819,0.0,0.0
2024-08-27 18:13:00+00:00,-7.821285815567958e-05,-0.0001321111656508167,9.946634145507893e-05,-0.0006468453335809476,5.2257729472371395e-05,2.0976918099435693e-05,0.0005708995946505091,-0.00030646928372057847,0.0,0.0006440406682892696
2024-08-27 18:14:00+00:00,3.906173521017742e-05,0.00026425724263390293,-9.945644888587069e-05,0.0,1.7708034917740534e-05,0.00011524272407203995,-0.0004275449479604898,0.00017678246099728234,0.00027628184684447277,0.00018101676941717493
2024-08-27 18:15:00+00:00,3.915571118517924e-05,0.00026408667121025076,-3.975618834661798e-05,0.0,0.00021347038312979905,0.00019906174328720994,0.00034989440877275513,7.863402795993402e-05,0.00019819954349142854,8.733415884676354e-05
2024-08-27 18:16:00+00:00,-0.00011736703623121958,0.0003960757874701404,5.963665344599356e-05,0.001294528026575037,-0.0002491585468387125,-0.0003140368393598214,-0.0012048098457089207,5.111978831418007e-05,0.0007733483455130141,0.0
2024-08-27 18:17:00+00:00,0.00019560285171382752,0.00013200655501655056,0.0,0.0006463655484758579,-1.7816994479447068e-05,-6.305732748845827e-05,-7.125003919083994e-07,0.00010207850538357377,0.0,0.0013454206410516978
2024-08-27 18:18:00+00:00,0.00011735785733768545,-0.0010557116962707225,-1.9877699042547547e-05,0.001938028910378975,-0.00017784719286617623,-0.0003770247331422727,-0.0002715815928717724,0.00020429200199156838,0.0015339095889193022,0.0
2024-08-27 18:19:00+00:00,0.00011734408608710112,0.0006605423219765427,-2.981714125993573e-05,-0.0025789788048191653,0.00023134027187543538,0.0003561812254169183,0.00031132869408834196,0.00015314875714245169,0.0,0.0027319636594833607
2024-08-27 18:20:00+00:00,-3.9141928729002906e-05,0.00013204140238243234,-9.939343449505422e-06,0.0006463655484758579,-0.00012460588094131975,-0.0002514830110498245,-0.0009727626459143934,0.00015312530619215892,0.0001802797708043702,0.0
2024-08-27 18:21:00+00:00,0.0,-0.0013199375831758342,-9.939442241035934e-06,0.0,7.116566976783645e-05,0.00016767618906632364,0.0008958558376948034,0.00014290026324803584,-1.4465064008817308e-06,0.0001490801255064067
2024-08-27 18:22:00+00:00,0.00015647837166254952,-0.0005286930160086634,-0.00017898761297974186,-0.0006459480299232379,3.563462386080296e-05,0.00016771204187815414,0.00019452016044696485,0.00012450401811614498,0.0,-7.575718123542519e-05
2024-08-27 18:23:00+00:00,0.0002736749863734289,-0.0009256769674923504,7.953056326148733e-05,0.002585647133974467,-0.00028484955608776286,-0.0005448768085977163,-0.0007399352129254799,0.00018677170518444086,0.0003810606504659475,0.0
2024-08-27 18:24:00+00:00,0.00011728445545799993,0.00013228995939407184,-1.9881059663551248e-05,0.0012894586585572299,-0.00012453493645081526,-0.00014678742225038288,-0.0008168840608037131,5.604440024198354e-05,0.0,0.0
2024-08-27 18:25:00+00:00,0.0,0.0006617661907550865,1.9881454927928033e-05,-0.0012877980961516489,7.118721029919506e-05,0.00010489097865917785,0.0004418942374422308,0.0004080893378624051,0.0,3.350863294415696e-05
2024-08-27 18:26:00+00:00,-7.824408069212474e-05,-0.002248355608689634,8.954065039290526e-05,0.0,0.0001780096951164989,0.0003145119526379858,0.0006098917766002021,0.00020400033611034374,-0.0021124181658783714,-0.00011162619218196834
2024-08-27 18:27:00+00:00,0.0004299944098817843,0.000530234812206043,9.939639829870117e-06,-0.0025789788048191653,0.00014266491542680448,0.00022216817459130844,0.00023283166425103197,-0.0002549095168449256,-0.00010420332525784559,-6.7808689476756e-06
2024-08-27 18:28:00+00:00,-7.812118455752248e-05,0.0005298527338915004,0.0,0.0006463655484758579,-0.00010701058383566497,-0.00015317437095374586,-0.00019073500553856704,-0.00020393292544151898,-0.0006679410956729193,0.0
2024-08-27 18:29:00+00:00,-3.911134073386613e-05,0.0003973306412237143,-0.00011935036677290789,0.0006460096367930657,4.454724354685524e-05,-6.076740922345003e-06,0.00015418509790343649,0.0,0.0,-0.0013997184249644468
2024-08-27 18:30:00+00:00,0.0001953735579633964,0.0007941436951717229,9.940727463852994e-06,0.0006455925777664184,2.7596331295898224e-05,2.098087510082891e-05,0.00011282993998285029,-0.0003060785185955428,-0.0001283687416061552,0.0
2024-08-27 18:31:00+00:00,3.910523036276814e-05,0.00039675676570172236,-1.988125729379675e-05,-0.0006451760568926268,-8.995721165672155e-05,-0.0002515093599925189,-0.0009316326514858808,-0.00025502675562294463,0.0,-0.0006212741877944516
2024-08-27 18:32:00+00:00,7.811202752594504e-05,-0.0001322334255841051,3.976330513189019e-05,0.0012911851555326148,-0.00014244506575078475,-0.00023065090068052907,-0.0008957718995784569,0.00017146281059621238,-5.864354454709897e-06,0.0
2024-08-27 18:33:00+00:00,0.0,0.0,-9.940431018651275e-06,0.0012894586585572299,-7.117834500458553e-05,-0.00011116034505398442,-0.0005848676790414231,-6.944532570285489e-05,0.0,-0.00014357371722595325
2024-08-27 18:34:00+00:00,-0.0001953125000000444,0.00013225091357549346,-2.982158949527136e-05,-0.0006438683438152459,5.346906651482186e-05,4.8258041508209004e-05,0.0009362644939456821,5.107544567417577e-05,-0.00034606199983222563,0.00011365422563258676
2024-08-27 18:35:00+00:00,3.9108285309730206e-05,-0.0003965994122017147,-8.954332071708926e-05,-0.001933033876329593,0.00021364748859875604,0.00041945350341277,0.0008573702863217125,0.0,0.0004801001605885258,0.0
2024-08-27 18:36:00+00:00,-0.0002735565267172335,0.0005290426557920114,0.0001492016384252448,0.0,-1.7818262415203456e-05,-2.0983073632629967e-05,0.0006245634531989452,-0.0003062034578334982,0.0,0.0
2024-08-27 18:37:00+00:00,-0.0002735359719361341,-0.00026443188443414645,3.9836813237048574e-05,0.0012911851555326148,-0.00010680282959052434,-0.0001674842666827825,-0.0003517508093712207,-5.101060179424355e-05,0.0,0.0016894543424865738
2024-08-27 18:38:00+00:00,0.00011728904458285783,0.0,9.939837426697906e-06,0.0,-5.3461449568081854e-05,-8.40760854020628e-05,-0.0005831709388185446,0.0,0.0006226769016186573,-5.967411836160785e-05
2024-08-27 18:39:00+00:00,0.00015630343707240257,-0.00039665186283632803,5.9638431764152955e-05,0.0006447600731309677,6.237502582195908e-05,0.00012727655621502798,0.000661368192968359,-5.101320400846543e-05,0.000755556135250135,0.00033663323700672265
2024-08-27 18:40:00+00:00,3.911745674711753e-05,0.0005291126499300525,-0.00010940647593771224,-0.0006443446254431606,2.662182609425301e-05,1.951453468129749e-05,0.00025610485189209165,0.0004083601120883351,0.0003382356089312033,0.0
2024-08-27 18:41:00+00:00,0.00015627289712782932,0.0001322334255839941,-2.9820700194638228e-05,0.0006447600731309677,-5.3350892405101824e-05,4.190744519982914e-05,0.0009113383241992068,-0.00010206781927779573,0.0,0.00031578230422013576
2024-08-27 18:42:00+00:00,0.0,0.0003965469754367845,-2.982158949527136e-05,-0.0006443446254431606,-3.5424274690720736e-05,-0.00012578104526994593,-0.0001943462331535084,-0.00010207823818098039,0.0002782010237798449,0.0
2024-08-27 18:43:00+00:00,7.821962965492979e-05,-0.0002642262550973662,7.952661026400243e-05,0.0006447600731309677,7.106839376636032e-05,6.289843406581674e-05,0.00041760521034595044,0.0001020886592115744,0.0,-5.8361492262126724e-05
2024-08-27 18:44:00+00:00,3.901137357997797e-05,0.0002642960890633095,-4.970017892824696e-05,-0.0032216616791304054,0.00023144483403725324,0.0004824256000872662,0.0005932287229462041,-0.0002551566640115466,0.0003610573531236394,0.0
2024-08-27 18:45:00+00:00,-3.900985175209204e-05,-0.00013216353316780616,5.9719060897744924e-05,0.001292792743642135,-5.3448126583366395e-05,-1.9185396993304238e-07,0.0003496089394614543,-0.00010210429077117666,0.00024072286049459102,0.0003390863043917225
2024-08-27 18:46:00+00:00,0.00015623625898286697,0.0,-8.953530342870053e-05,0.0,-0.00010679332666641006,-0.00012572832577317783,-0.00019423831559950422,0.00010211471712207043,0.0,0.00026903580572890107
2024-08-27 18:47:00+00:00,0.00023441314697270066,0.00013218100267597954,-0.0001690699309810917,0.0,4.454724354685524e-05,-6.2680189555131e-05,-0.0007767486059596651,0.0002552217855509298,-0.0005963484458372248,0.0
2024-08-27 18:48:00+00:00,-0.00031244583207556964,0.00013216353316769514,-3.984592605010828e-05,0.0,-0.00015112794028593335,-0.00022553490021459677,-0.0009912340555565669,-0.00020415647636196077,0.0,0.0
2024-08-27 18:49:00+00:00,0.0001172157287294695,-0.00013214606827649522,7.961912759602008e-05,0.0006455925777664184,-7.139185096249889e-05,-4.715165007107558e-05,0.00017502737029095883,-5.101060179424355e-05,0.0,-3.142325753124897e-05
2024-08-27 18:50:00+00:00,3.900375446908022e-05,0.0,-9.942111863892045e-06,0.0,0.0,-0.0001677577424644694,-0.000819302924107701,-0.00015311749477975312,-0.0001478704081361304,-0.0001780379879841032
2024-08-27 18:51:00+00:00,0.00011719741967319841,-0.00039638978826517235,6.959547497364937e-05,0.0,0.00019582541935658782,0.00016778588984656118,0.0007031749692525402,-0.00010718308139989752,9.011988966101114e-05,-0.00011363851774126577
2024-08-27 18:52:00+00:00,0.0001171836860476283,0.0001322159422170177,2.9900445934094577e-05,0.0,-0.0001957870792695937,-0.0002516366136967596,-0.0007003061375575603,0.00028076252421715964,0.0,0.0
2024-08-27 18:53:00+00:00,7.808152454802375e-05,-0.0002643969269453539,1.988244315764831e-05,0.0,-0.0001243198000798751,-0.0001258179768418577,0.00016349551510175253,3.878482018215834e-05,0.0,-3.094226566147107e-05
2024-08-27 18:54:00+00:00,-3.9085379246350804e-05,-0.0005288328377858198,3.976409570793926e-05,0.0,-3.260539966909448e-07,4.198727299198346e-05,-0.0005527763617478865,-5.9187389846226957e-05,0.00025139421532793804,0.0
2024-08-27 18:55:00+00:00,0.0,0.0,0.0,0.0,-1.7824290965418044e-05,6.291426290028213e-05,0.0008569028163563086,-0.00020109327137396438,0.0,-0.00016414643119033734
2024-08-27 18:56:00+00:00,0.0,0.0,0.0,0.0,0.0,-0.00010489317375828033,-0.00024120953935624634,-0.0001561863302140809,0.00024793381670673575,0.0
2024-08-27 18:57:00+00:00,0.0,0.0,0.0,0.0,7.11897480676349e-05,0.00014682744549299187,0.00038916450088000154,-0.00015317221527688663,0.0,8.0563836819314e-05
2024-08-27 18:58:00+00:00,0.0,0.0,0.0,0.0,-7.11846804481997e-05,6.29076679263818e-05,0.00047474799051450134,-0.00020431285581368197,2.729677862789437e-05,0.0002226133510638828
2024-08-27 18:59:00+00:00,0.0,0.0,0.0,0.0,3.564921735299542e-05,2.0989234122748002e-05,0.0003827753240592813,-0.0002042766696402909,-8.226546512124511e-05,0.0
2024-08-27 19:00:00+00:00,0.0,0.0,0.0,0.0,-1.434612482364983e-05,-0.0001259967517281968,-8.708514281197122e-05,-0.00020439636149527374,0.0,0.0
2024-08-27 19:01:00+00:00,0.0,0.0,0.0,0.0,-3.4778983364347482e-06,5.2606592668480445e-05,-0.00017893165226179342,-0.00015328962577765282,0.0,0.0006185820151551891
2024-08-27 19:02:00+00:00,0.0,0.0,0.0,0.0,-0.0001246613520572426,-0.00020971135730663004,-0.00031888288690717914,0.00010223474548043399,-0.00036299163477571117,0.0
2024-08-27 19:03:00+00:00,0.0,0.0,0.0,0.0,-0.00020609188480591456,-0.0002201887055611751,-0.00042084124562358216,0.00010222429460560178,0.0,0.0
2024-08-27 19:04:00+00:00,0.0,0.0,0.0,0.0,-0.00034605785417607393,-0.0005454712029298037,-0.0009448864907003474,-5.1145906093785776e-05,0.0,0.0
